<?xml version="1.0" encoding="UTF-8"?>
<!DOCTYPE suite SYSTEM "https://testng.org/testng-1.0.dtd">

	  <suite name="Suite" parallel="tests">
 <test thread-count="5" name="EdgeTest">
	   <parameter name="browserName" value="edge"></parameter>
    <classes>
     <!-- <class name="com.qa.test.SupplierTest"/>-->
      <class name="com.qa.test.LoginTest"/>
     <!--  <class name="com.qa.test.CustomerTest"/>-->
    </classes>
  </test> <!-- Test -->
<test thread-count="5" name="ChromeTest">
	   <parameter name="browserName" value="chrome"></parameter>
    <classes>
      <!-- <class name="com.qa.test.SupplierTest"/>-->
      <class name="com.qa.test.LoginTest"/>
     <!--  <class name="com.qa.test.CustomerTest"/>-->
    </classes>
  </test> <!-- Test -->
    
</suite> <!-- Suite -->
    
 
